{
    "COINBASE_USDTRUB": 91.17159799014,
    "BINANCE_USDTRUB": 91.1,
    "COMMEX_USDTRUB": 91.67,
    "USDTRUB_MEDIAN": 91.17159799014,
    "KRAKEN_XMRUSDT": 129.67,
    "COINBASE_XMRUSDT": 129.59505217921247,
    "KUKOIN_XMRUSDT": 131.19,
    "POLONIEX_XMRUSDT": 129.3,
    "BINANCE_XMRUSDT": 129.3,
    "COMMEX_XMRUSDT": "COMMEX failed",
    "XMRUSDT_MEDIAN": 129.59505217921247,
    "KRAKEN_BTCUSDT": 44153.8,
    "COINBASE_BTCUSDT": 44166.69,
    "BINANCE_BTCUSDT": 44151.11,
    "COMMEX_BTCUSDT": 44161.5,
    "KUKOIN_BTCUSDT": 44156.1,
    "POLONIEX_BTCUSDT": 44156.73,
    "BTCUSDT_MEDIAN": 44156.415,
    "KRAKEN_XMRBTC": 0.002952,
    "COINBASE_XMRBTC": 0.002932859497856233,
    "POLONIEX_XMRBTC": 0.002923,
    "KUKOIN_XMRBTC": 0.002975,
    "BINANCE_XMRBTC": 0.002932,
    "COMMEX_XMRBTC": "COMMEX failed",
    "XMRBTC_MEDIAN": 0.002932859497856233
}