{
    "COINBASE_USDTRUB": 91.17202349621854,
    "BINANCE_USDTRUB": 91.1,
    "COMMEX_USDTRUB": 91.72,
    "USDTRUB_MEDIAN": 91.17202349621854,
    "KRAKEN_XMRUSDT": 131.97,
    "COINBASE_XMRUSDT": 130.20417752661916,
    "KUKOIN_XMRUSDT": 131.75,
    "POLONIEX_XMRUSDT": 129.16,
    "XMRUSDT_MEDIAN": 130.97708876330958,
    "KRAKEN_BTCUSDT": 44237.2,
    "COINBASE_BTCUSDT": 44238.55,
    "BINANCE_BTCUSDT": 44200.34,
    "COMMEX_BTCUSDT": 44239.4,
    "KUKOIN_BTCUSDT": 44200.1,
    "POLONIEX_BTCUSDT": 44194.35,
    "BTCUSDT_MEDIAN": 44218.77,
    "KRAKEN_XMRBTC": 0.002957,
    "COINBASE_XMRBTC": 0.0029433360661805267,
    "POLONIEX_XMRBTC": 0.002928,
    "KUKOIN_XMRBTC": 0.002981,
    "XMRBTC_MEDIAN": 0.0029501680330902636
}