{
    "COINBASE_USDTRUB": 91.16703847554,
    "BINANCE_USDTRUB": 91.1,
    "COMMEX_USDTRUB": 91.67,
    "USDTRUB_MEDIAN": 91.16703847554,
    "KRAKEN_XMRUSDT": 131.28,
    "COINBASE_XMRUSDT": 130.62192323323174,
    "KUKOIN_XMRUSDT": 133.95,
    "XMRUSDT_MEDIAN": 131.28,
    "KRAKEN_BTCUSDT": 44114.7,
    "COINBASE_BTCUSDT": 44134.075,
    "BINANCE_BTCUSDT": 44108.5,
    "BTCUSDT_MEDIAN": 44114.7,
    "KRAKEN_XMRBTC": 0.00299,
    "COINBASE_XMRBTC": 0.0029597048341911828,
    "POLONIEX_XMRBTC": 0.002936,
    "XMRBTC_MEDIAN": 0.0029597048341911828
}