{
    "COINBASE_USDTRUB": 91.16612657262,
    "BINANCE_USDTRUB": 91.1,
    "COMMEX_USDTRUB": 91.67,
    "USDTRUB_MEDIAN": 91.16612657262,
    "KRAKEN_XMRUSDT": 130.21,
    "COINBASE_XMRUSDT": 130.38521974191747,
    "KUKOIN_XMRUSDT": 132.16,
    "XMRUSDT_MEDIAN": 130.38521974191747,
    "KRAKEN_BTCUSDT": 44197.2,
    "COINBASE_BTCUSDT": 44167.25,
    "BINANCE_BTCUSDT": 44200.0,
    "BTCUSDT_MEDIAN": 44197.2,
    "KRAKEN_XMRBTC": 0.002986,
    "COINBASE_XMRBTC": 0.0029490370692987038,
    "POLONIEX_XMRBTC": 0.00293,
    "XMRBTC_MEDIAN": 0.0029490370692987038
}