{
    "COINBASE_USDTRUB": 91.17342179598,
    "BINANCE_USDTRUB": 91.1,
    "COMMEX_USDTRUB": 91.67,
    "USDTRUB_MEDIAN": 91.17342179598,
    "KRAKEN_XMRUSDT": 129.7,
    "COINBASE_XMRUSDT": 129.44955711844867,
    "KUKOIN_XMRUSDT": 131.13,
    "POLONIEX_XMRUSDT": 129.29,
    "BINANCE_XMRUSDT": 129.4,
    "XMRUSDT_MEDIAN": 129.44955711844867,
    "KRAKEN_BTCUSDT": 44155.2,
    "COINBASE_BTCUSDT": 44146.53,
    "BINANCE_BTCUSDT": 44159.99,
    "COMMEX_BTCUSDT": 44157.1,
    "KUKOIN_BTCUSDT": 44157.9,
    "POLONIEX_BTCUSDT": 44127.7,
    "BTCUSDT_MEDIAN": 44156.149999999994,
    "KRAKEN_XMRBTC": 0.002952,
    "COINBASE_XMRBTC": 0.002929555504158257,
    "POLONIEX_XMRBTC": 0.002929,
    "KUKOIN_XMRBTC": 0.002969,
    "BINANCE_XMRBTC": 0.002931,
    "XMRBTC_MEDIAN": 0.002931
}