{
    "COINBASE_USDTRUB": 90.77834053978447,
    "BINANCE_USDTRUB": 91.1,
    "COMMEX_USDTRUB": 91.42,
    "USDTRUB_MEDIAN": 91.1,
    "KRAKEN_XMRUSDT": 124.5,
    "COINBASE_XMRUSDT": 125.187995678957,
    "KUKOIN_XMRUSDT": 124.55,
    "POLONIEX_XMRUSDT": 123.63,
    "BINANCE_XMRUSDT": 124.6,
    "XMRUSDT_MEDIAN": 124.55,
    "KRAKEN_BTCUSDT": 44502.2,
    "COINBASE_BTCUSDT": 44546.36,
    "BINANCE_BTCUSDT": 44527.99,
    "COMMEX_BTCUSDT": 44532.5,
    "KUKOIN_BTCUSDT": 44528.1,
    "POLONIEX_BTCUSDT": 44511.86,
    "BTCUSDT_MEDIAN": 44528.045,
    "KRAKEN_XMRBTC": 0.002803,
    "COINBASE_XMRBTC": 0.0028109430021543078,
    "POLONIEX_XMRBTC": 0.002776,
    "KUKOIN_XMRBTC": 0.002788,
    "BINANCE_XMRBTC": 0.002782,
    "XMRBTC_MEDIAN": 0.002788
}