{
    "COINBASE_USDTRUB": 91.16472838474323,
    "BINANCE_USDTRUB": 91.1,
    "COMMEX_USDTRUB": 91.67,
    "USDTRUB_MEDIAN": 91.16472838474323,
    "KRAKEN_XMRUSDT": 130.06,
    "COINBASE_XMRUSDT": 130.29711543398562,
    "KUKOIN_XMRUSDT": 132.16,
    "XMRUSDT_MEDIAN": 130.29711543398562,
    "KRAKEN_BTCUSDT": 44197.2,
    "COINBASE_BTCUSDT": 44170.3,
    "BINANCE_BTCUSDT": 44183.99,
    "BTCUSDT_MEDIAN": 44183.99,
    "KRAKEN_XMRBTC": 0.002975,
    "COINBASE_XMRBTC": 0.0029485175584175573,
    "POLONIEX_XMRBTC": 0.002928,
    "XMRBTC_MEDIAN": 0.0029485175584175573
}